,Year,Month,Day,CPI
0,1913,01,01,9.8
1,1913,01,02,9.8
2,1913,01,03,9.8
3,1913,01,04,9.8
4,1913,01,05,9.7
5,1913,01,06,9.8
6,1913,01,07,9.9
7,1913,01,08,9.9
8,1913,01,09,10.0
9,1913,01,10,10.0
10,1913,01,11,10.1
11,1913,01,12,10.0
12,1914,01,01,10.0
13,1914,01,02,9.9
14,1914,01,03,9.9
15,1914,01,04,9.8
16,1914,01,05,9.9
17,1914,01,06,9.9
18,1914,01,07,10.0
19,1914,01,08,10.2
20,1914,01,09,10.2
21,1914,01,10,10.1
22,1914,01,11,10.2
23,1914,01,12,10.1
24,1915,01,01,10.1
25,1915,01,02,10.0
26,1915,01,03,9.9
27,1915,01,04,10.0
28,1915,01,05,10.1
29,1915,01,06,10.1
30,1915,01,07,10.1
31,1915,01,08,10.1
32,1915,01,09,10.1
33,1915,01,10,10.2
34,1915,01,11,10.3
35,1915,01,12,10.3
36,1916,01,01,10.4
37,1916,01,02,10.4
38,1916,01,03,10.5
39,1916,01,04,10.6
40,1916,01,05,10.7
41,1916,01,06,10.8
42,1916,01,07,10.8
43,1916,01,08,10.9
44,1916,01,09,11.1
45,1916,01,10,11.3
46,1916,01,11,11.5
47,1916,01,12,11.6
48,1917,01,01,11.7
49,1917,01,02,12.0
50,1917,01,03,12.0
51,1917,01,04,12.6
52,1917,01,05,12.8
53,1917,01,06,13.0
54,1917,01,07,12.8
55,1917,01,08,13.0
56,1917,01,09,13.3
57,1917,01,10,13.5
58,1917,01,11,13.5
59,1917,01,12,13.7
60,1918,01,01,14.0
61,1918,01,02,14.1
62,1918,01,03,14.0
63,1918,01,04,14.2
64,1918,01,05,14.5
65,1918,01,06,14.7
66,1918,01,07,15.1
67,1918,01,08,15.4
68,1918,01,09,15.7
69,1918,01,10,16.0
70,1918,01,11,16.3
71,1918,01,12,16.5
72,1919,01,01,16.5
73,1919,01,02,16.2
74,1919,01,03,16.4
75,1919,01,04,16.7
76,1919,01,05,16.9
77,1919,01,06,16.9
78,1919,01,07,17.4
79,1919,01,08,17.7
80,1919,01,09,17.8
81,1919,01,10,18.1
82,1919,01,11,18.5
83,1919,01,12,18.9
84,1920,01,01,19.3
85,1920,01,02,19.5
86,1920,01,03,19.7
87,1920,01,04,20.3
88,1920,01,05,20.6
89,1920,01,06,20.9
90,1920,01,07,20.8
91,1920,01,08,20.3
92,1920,01,09,20.0
93,1920,01,10,19.9
94,1920,01,11,19.8
95,1920,01,12,19.4
96,1921,01,01,19.0
97,1921,01,02,18.4
98,1921,01,03,18.3
99,1921,01,04,18.1
100,1921,01,05,17.7
101,1921,01,06,17.6
102,1921,01,07,17.7
103,1921,01,08,17.7
104,1921,01,09,17.5
105,1921,01,10,17.5
106,1921,01,11,17.4
107,1921,01,12,17.3
108,1922,01,01,16.9
109,1922,01,02,16.9
110,1922,01,03,16.7
111,1922,01,04,16.7
112,1922,01,05,16.7
113,1922,01,06,16.7
114,1922,01,07,16.8
115,1922,01,08,16.6
116,1922,01,09,16.6
117,1922,01,10,16.7
118,1922,01,11,16.8
119,1922,01,12,16.9
120,1923,01,01,16.8
121,1923,01,02,16.8
122,1923,01,03,16.8
123,1923,01,04,16.9
124,1923,01,05,16.9
125,1923,01,06,17.0
126,1923,01,07,17.2
127,1923,01,08,17.1
128,1923,01,09,17.2
129,1923,01,10,17.3
130,1923,01,11,17.3
131,1923,01,12,17.3
132,1924,01,01,17.3
133,1924,01,02,17.2
134,1924,01,03,17.1
135,1924,01,04,17.0
136,1924,01,05,17.0
137,1924,01,06,17.0
138,1924,01,07,17.1
139,1924,01,08,17.0
140,1924,01,09,17.1
141,1924,01,10,17.2
142,1924,01,11,17.2
143,1924,01,12,17.3
144,1925,01,01,17.3
145,1925,01,02,17.2
146,1925,01,03,17.3
147,1925,01,04,17.2
148,1925,01,05,17.3
149,1925,01,06,17.5
150,1925,01,07,17.7
151,1925,01,08,17.7
152,1925,01,09,17.7
153,1925,01,10,17.7
154,1925,01,11,18.0
155,1925,01,12,17.9
156,1926,01,01,17.9
157,1926,01,02,17.9
158,1926,01,03,17.8
159,1926,01,04,17.9
160,1926,01,05,17.8
161,1926,01,06,17.7
162,1926,01,07,17.5
163,1926,01,08,17.4
164,1926,01,09,17.5
165,1926,01,10,17.6
166,1926,01,11,17.7
167,1926,01,12,17.7
168,1927,01,01,17.5
169,1927,01,02,17.4
170,1927,01,03,17.3
171,1927,01,04,17.3
172,1927,01,05,17.4
173,1927,01,06,17.6
174,1927,01,07,17.3
175,1927,01,08,17.2
176,1927,01,09,17.3
177,1927,01,10,17.4
178,1927,01,11,17.3
179,1927,01,12,17.3
180,1928,01,01,17.3
181,1928,01,02,17.1
182,1928,01,03,17.1
183,1928,01,04,17.1
184,1928,01,05,17.2
185,1928,01,06,17.1
186,1928,01,07,17.1
187,1928,01,08,17.1
188,1928,01,09,17.3
189,1928,01,10,17.2
190,1928,01,11,17.2
191,1928,01,12,17.1
192,1929,01,01,17.1
193,1929,01,02,17.1
194,1929,01,03,17.0
195,1929,01,04,16.9
196,1929,01,05,17.0
197,1929,01,06,17.1
198,1929,01,07,17.3
199,1929,01,08,17.3
200,1929,01,09,17.3
201,1929,01,10,17.3
202,1929,01,11,17.3
203,1929,01,12,17.2
204,1930,01,01,17.1
205,1930,01,02,17.0
206,1930,01,03,16.9
207,1930,01,04,17.0
208,1930,01,05,16.9
209,1930,01,06,16.8
210,1930,01,07,16.6
211,1930,01,08,16.5
212,1930,01,09,16.6
213,1930,01,10,16.5
214,1930,01,11,16.4
215,1930,01,12,16.1
216,1931,01,01,15.9
217,1931,01,02,15.7
218,1931,01,03,15.6
219,1931,01,04,15.5
220,1931,01,05,15.3
221,1931,01,06,15.1
222,1931,01,07,15.1
223,1931,01,08,15.1
224,1931,01,09,15.0
225,1931,01,10,14.9
226,1931,01,11,14.7
227,1931,01,12,14.6
228,1932,01,01,14.3
229,1932,01,02,14.1
230,1932,01,03,14.0
231,1932,01,04,13.9
232,1932,01,05,13.7
233,1932,01,06,13.6
234,1932,01,07,13.6
235,1932,01,08,13.5
236,1932,01,09,13.4
237,1932,01,10,13.3
238,1932,01,11,13.2
239,1932,01,12,13.1
240,1933,01,01,12.9
241,1933,01,02,12.7
242,1933,01,03,12.6
243,1933,01,04,12.6
244,1933,01,05,12.6
245,1933,01,06,12.7
246,1933,01,07,13.1
247,1933,01,08,13.2
248,1933,01,09,13.2
249,1933,01,10,13.2
250,1933,01,11,13.2
251,1933,01,12,13.2
252,1934,01,01,13.2
253,1934,01,02,13.3
254,1934,01,03,13.3
255,1934,01,04,13.3
256,1934,01,05,13.3
257,1934,01,06,13.4
258,1934,01,07,13.4
259,1934,01,08,13.4
260,1934,01,09,13.6
261,1934,01,10,13.5
262,1934,01,11,13.5
263,1934,01,12,13.4
264,1935,01,01,13.6
265,1935,01,02,13.7
266,1935,01,03,13.7
267,1935,01,04,13.8
268,1935,01,05,13.8
269,1935,01,06,13.7
270,1935,01,07,13.7
271,1935,01,08,13.7
272,1935,01,09,13.7
273,1935,01,10,13.7
274,1935,01,11,13.8
275,1935,01,12,13.8
276,1936,01,01,13.8
277,1936,01,02,13.8
278,1936,01,03,13.7
279,1936,01,04,13.7
280,1936,01,05,13.7
281,1936,01,06,13.8
282,1936,01,07,13.9
283,1936,01,08,14.0
284,1936,01,09,14.0
285,1936,01,10,14.0
286,1936,01,11,14.0
287,1936,01,12,14.0
288,1937,01,01,14.1
289,1937,01,02,14.1
290,1937,01,03,14.2
291,1937,01,04,14.3
292,1937,01,05,14.4
293,1937,01,06,14.4
294,1937,01,07,14.5
295,1937,01,08,14.5
296,1937,01,09,14.6
297,1937,01,10,14.6
298,1937,01,11,14.5
299,1937,01,12,14.4
300,1938,01,01,14.2
301,1938,01,02,14.1
302,1938,01,03,14.1
303,1938,01,04,14.2
304,1938,01,05,14.1
305,1938,01,06,14.1
306,1938,01,07,14.1
307,1938,01,08,14.1
308,1938,01,09,14.1
309,1938,01,10,14.0
310,1938,01,11,14.0
311,1938,01,12,14.0
312,1939,01,01,14.0
313,1939,01,02,13.9
314,1939,01,03,13.9
315,1939,01,04,13.8
316,1939,01,05,13.8
317,1939,01,06,13.8
318,1939,01,07,13.8
319,1939,01,08,13.8
320,1939,01,09,14.1
321,1939,01,10,14.0
322,1939,01,11,14.0
323,1939,01,12,14.0
324,1940,01,01,13.9
325,1940,01,02,14.0
326,1940,01,03,14.0
327,1940,01,04,14.0
328,1940,01,05,14.0
329,1940,01,06,14.1
330,1940,01,07,14.0
331,1940,01,08,14.0
332,1940,01,09,14.0
333,1940,01,10,14.0
334,1940,01,11,14.0
335,1940,01,12,14.1
336,1941,01,01,14.1
337,1941,01,02,14.1
338,1941,01,03,14.2
339,1941,01,04,14.3
340,1941,01,05,14.4
341,1941,01,06,14.7
342,1941,01,07,14.7
343,1941,01,08,14.9
344,1941,01,09,15.1
345,1941,01,10,15.3
346,1941,01,11,15.4
347,1941,01,12,15.5
348,1942,01,01,15.7
349,1942,01,02,15.8
350,1942,01,03,16.0
351,1942,01,04,16.1
352,1942,01,05,16.3
353,1942,01,06,16.3
354,1942,01,07,16.4
355,1942,01,08,16.5
356,1942,01,09,16.5
357,1942,01,10,16.7
358,1942,01,11,16.8
359,1942,01,12,16.9
360,1943,01,01,16.9
361,1943,01,02,16.9
362,1943,01,03,17.2
363,1943,01,04,17.4
364,1943,01,05,17.5
365,1943,01,06,17.5
366,1943,01,07,17.4
367,1943,01,08,17.3
368,1943,01,09,17.4
369,1943,01,10,17.4
370,1943,01,11,17.4
371,1943,01,12,17.4
372,1944,01,01,17.4
373,1944,01,02,17.4
374,1944,01,03,17.4
375,1944,01,04,17.5
376,1944,01,05,17.5
377,1944,01,06,17.6
378,1944,01,07,17.7
379,1944,01,08,17.7
380,1944,01,09,17.7
381,1944,01,10,17.7
382,1944,01,11,17.7
383,1944,01,12,17.8
384,1945,01,01,17.8
385,1945,01,02,17.8
386,1945,01,03,17.8
387,1945,01,04,17.8
388,1945,01,05,17.9
389,1945,01,06,18.1
390,1945,01,07,18.1
391,1945,01,08,18.1
392,1945,01,09,18.1
393,1945,01,10,18.1
394,1945,01,11,18.1
395,1945,01,12,18.2
396,1946,01,01,18.2
397,1946,01,02,18.1
398,1946,01,03,18.3
399,1946,01,04,18.4
400,1946,01,05,18.5
401,1946,01,06,18.7
402,1946,01,07,19.8
403,1946,01,08,20.2
404,1946,01,09,20.4
405,1946,01,10,20.8
406,1946,01,11,21.3
407,1946,01,12,21.5
408,1947,01,01,21.5
409,1947,01,02,21.5
410,1947,01,03,21.9
411,1947,01,04,21.9
412,1947,01,05,21.9
413,1947,01,06,22.0
414,1947,01,07,22.2
415,1947,01,08,22.5
416,1947,01,09,23.0
417,1947,01,10,23.0
418,1947,01,11,23.1
419,1947,01,12,23.4
420,1948,01,01,23.7
421,1948,01,02,23.5
422,1948,01,03,23.4
423,1948,01,04,23.8
424,1948,01,05,23.9
425,1948,01,06,24.1
426,1948,01,07,24.4
427,1948,01,08,24.5
428,1948,01,09,24.5
429,1948,01,10,24.4
430,1948,01,11,24.2
431,1948,01,12,24.1
432,1949,01,01,24.0
433,1949,01,02,23.8
434,1949,01,03,23.8
435,1949,01,04,23.9
436,1949,01,05,23.8
437,1949,01,06,23.9
438,1949,01,07,23.7
439,1949,01,08,23.8
440,1949,01,09,23.9
441,1949,01,10,23.7
442,1949,01,11,23.8
443,1949,01,12,23.6
444,1950,01,01,23.5
445,1950,01,02,23.5
446,1950,01,03,23.6
447,1950,01,04,23.6
448,1950,01,05,23.7
449,1950,01,06,23.8
450,1950,01,07,24.1
451,1950,01,08,24.3
452,1950,01,09,24.4
453,1950,01,10,24.6
454,1950,01,11,24.7
455,1950,01,12,25.0
456,1951,01,01,25.4
457,1951,01,02,25.7
458,1951,01,03,25.8
459,1951,01,04,25.8
460,1951,01,05,25.9
461,1951,01,06,25.9
462,1951,01,07,25.9
463,1951,01,08,25.9
464,1951,01,09,26.1
465,1951,01,10,26.2
466,1951,01,11,26.4
467,1951,01,12,26.5
468,1952,01,01,26.5
469,1952,01,02,26.3
470,1952,01,03,26.3
471,1952,01,04,26.4
472,1952,01,05,26.4
473,1952,01,06,26.5
474,1952,01,07,26.7
475,1952,01,08,26.7
476,1952,01,09,26.7
477,1952,01,10,26.7
478,1952,01,11,26.7
479,1952,01,12,26.7
480,1953,01,01,26.6
481,1953,01,02,26.5
482,1953,01,03,26.6
483,1953,01,04,26.6
484,1953,01,05,26.7
485,1953,01,06,26.8
486,1953,01,07,26.8
487,1953,01,08,26.9
488,1953,01,09,26.9
489,1953,01,10,27.0
490,1953,01,11,26.9
491,1953,01,12,26.9
492,1954,01,01,26.9
493,1954,01,02,26.9
494,1954,01,03,26.9
495,1954,01,04,26.8
496,1954,01,05,26.9
497,1954,01,06,26.9
498,1954,01,07,26.9
499,1954,01,08,26.9
500,1954,01,09,26.8
501,1954,01,10,26.8
502,1954,01,11,26.8
503,1954,01,12,26.7
504,1955,01,01,26.7
505,1955,01,02,26.7
506,1955,01,03,26.7
507,1955,01,04,26.7
508,1955,01,05,26.7
509,1955,01,06,26.7
510,1955,01,07,26.8
511,1955,01,08,26.8
512,1955,01,09,26.9
513,1955,01,10,26.9
514,1955,01,11,26.9
515,1955,01,12,26.8
516,1956,01,01,26.8
517,1956,01,02,26.8
518,1956,01,03,26.8
519,1956,01,04,26.9
520,1956,01,05,27.0
521,1956,01,06,27.2
522,1956,01,07,27.4
523,1956,01,08,27.3
524,1956,01,09,27.4
525,1956,01,10,27.5
526,1956,01,11,27.5
527,1956,01,12,27.6
528,1957,01,01,27.6
529,1957,01,02,27.7
530,1957,01,03,27.8
531,1957,01,04,27.9
532,1957,01,05,28.0
533,1957,01,06,28.1
534,1957,01,07,28.3
535,1957,01,08,28.3
536,1957,01,09,28.3
537,1957,01,10,28.3
538,1957,01,11,28.4
539,1957,01,12,28.4
540,1958,01,01,28.6
541,1958,01,02,28.6
542,1958,01,03,28.8
543,1958,01,04,28.9
544,1958,01,05,28.9
545,1958,01,06,28.9
546,1958,01,07,29.0
547,1958,01,08,28.9
548,1958,01,09,28.9
549,1958,01,10,28.9
550,1958,01,11,29.0
551,1958,01,12,28.9
552,1959,01,01,29.0
553,1959,01,02,28.9
554,1959,01,03,28.9
555,1959,01,04,29.0
556,1959,01,05,29.0
557,1959,01,06,29.1
558,1959,01,07,29.2
559,1959,01,08,29.2
560,1959,01,09,29.3
561,1959,01,10,29.4
562,1959,01,11,29.4
563,1959,01,12,29.4
564,1960,01,01,29.3
565,1960,01,02,29.4
566,1960,01,03,29.4
567,1960,01,04,29.5
568,1960,01,05,29.5
569,1960,01,06,29.6
570,1960,01,07,29.6
571,1960,01,08,29.6
572,1960,01,09,29.6
573,1960,01,10,29.8
574,1960,01,11,29.8
575,1960,01,12,29.8
576,1961,01,01,29.8
577,1961,01,02,29.8
578,1961,01,03,29.8
579,1961,01,04,29.8
580,1961,01,05,29.8
581,1961,01,06,29.8
582,1961,01,07,30.0
583,1961,01,08,29.9
584,1961,01,09,30.0
585,1961,01,10,30.0
586,1961,01,11,30.0
587,1961,01,12,30.0
588,1962,01,01,30.0
589,1962,01,02,30.1
590,1962,01,03,30.1
591,1962,01,04,30.2
592,1962,01,05,30.2
593,1962,01,06,30.2
594,1962,01,07,30.3
595,1962,01,08,30.3
596,1962,01,09,30.4
597,1962,01,10,30.4
598,1962,01,11,30.4
599,1962,01,12,30.4
600,1963,01,01,30.4
601,1963,01,02,30.4
602,1963,01,03,30.5
603,1963,01,04,30.5
604,1963,01,05,30.5
605,1963,01,06,30.6
606,1963,01,07,30.7
607,1963,01,08,30.7
608,1963,01,09,30.7
609,1963,01,10,30.8
610,1963,01,11,30.8
611,1963,01,12,30.9
612,1964,01,01,30.9
613,1964,01,02,30.9
614,1964,01,03,30.9
615,1964,01,04,30.9
616,1964,01,05,30.9
617,1964,01,06,31.0
618,1964,01,07,31.1
619,1964,01,08,31.0
620,1964,01,09,31.1
621,1964,01,10,31.1
622,1964,01,11,31.2
623,1964,01,12,31.2
624,1965,01,01,31.2
625,1965,01,02,31.2
626,1965,01,03,31.3
627,1965,01,04,31.4
628,1965,01,05,31.4
629,1965,01,06,31.6
630,1965,01,07,31.6
631,1965,01,08,31.6
632,1965,01,09,31.6
633,1965,01,10,31.7
634,1965,01,11,31.7
635,1965,01,12,31.8
636,1966,01,01,31.8
637,1966,01,02,32.0
638,1966,01,03,32.1
639,1966,01,04,32.3
640,1966,01,05,32.3
641,1966,01,06,32.4
642,1966,01,07,32.5
643,1966,01,08,32.7
644,1966,01,09,32.7
645,1966,01,10,32.9
646,1966,01,11,32.9
647,1966,01,12,32.9
648,1967,01,01,32.9
649,1967,01,02,32.9
650,1967,01,03,33.0
651,1967,01,04,33.1
652,1967,01,05,33.2
653,1967,01,06,33.3
654,1967,01,07,33.4
655,1967,01,08,33.5
656,1967,01,09,33.6
657,1967,01,10,33.7
658,1967,01,11,33.8
659,1967,01,12,33.9
660,1968,01,01,34.1
661,1968,01,02,34.2
662,1968,01,03,34.3
663,1968,01,04,34.4
664,1968,01,05,34.5
665,1968,01,06,34.7
666,1968,01,07,34.9
667,1968,01,08,35.0
668,1968,01,09,35.1
669,1968,01,10,35.3
670,1968,01,11,35.4
671,1968,01,12,35.5
672,1969,01,01,35.6
673,1969,01,02,35.8
674,1969,01,03,36.1
675,1969,01,04,36.3
676,1969,01,05,36.4
677,1969,01,06,36.6
678,1969,01,07,36.8
679,1969,01,08,37.0
680,1969,01,09,37.1
681,1969,01,10,37.3
682,1969,01,11,37.5
683,1969,01,12,37.7
684,1970,01,01,37.8
685,1970,01,02,38.0
686,1970,01,03,38.2
687,1970,01,04,38.5
688,1970,01,05,38.6
689,1970,01,06,38.8
690,1970,01,07,39.0
691,1970,01,08,39.0
692,1970,01,09,39.2
693,1970,01,10,39.4
694,1970,01,11,39.6
695,1970,01,12,39.8
696,1971,01,01,39.8
697,1971,01,02,39.9
698,1971,01,03,40.0
699,1971,01,04,40.1
700,1971,01,05,40.3
701,1971,01,06,40.6
702,1971,01,07,40.7
703,1971,01,08,40.8
704,1971,01,09,40.8
705,1971,01,10,40.9
706,1971,01,11,40.9
707,1971,01,12,41.1
708,1972,01,01,41.1
709,1972,01,02,41.3
710,1972,01,03,41.4
711,1972,01,04,41.5
712,1972,01,05,41.6
713,1972,01,06,41.7
714,1972,01,07,41.9
715,1972,01,08,42.0
716,1972,01,09,42.1
717,1972,01,10,42.3
718,1972,01,11,42.4
719,1972,01,12,42.5
720,1973,01,01,42.6
721,1973,01,02,42.9
722,1973,01,03,43.3
723,1973,01,04,43.6
724,1973,01,05,43.9
725,1973,01,06,44.2
726,1973,01,07,44.3
727,1973,01,08,45.1
728,1973,01,09,45.2
729,1973,01,10,45.6
730,1973,01,11,45.9
731,1973,01,12,46.2
732,1974,01,01,46.6
733,1974,01,02,47.2
734,1974,01,03,47.8
735,1974,01,04,48.0
736,1974,01,05,48.6
737,1974,01,06,49.0
738,1974,01,07,49.4
739,1974,01,08,50.0
740,1974,01,09,50.6
741,1974,01,10,51.1
742,1974,01,11,51.5
743,1974,01,12,51.9
744,1975,01,01,52.1
745,1975,01,02,52.5
746,1975,01,03,52.7
747,1975,01,04,52.9
748,1975,01,05,53.2
749,1975,01,06,53.6
750,1975,01,07,54.2
751,1975,01,08,54.3
752,1975,01,09,54.6
753,1975,01,10,54.9
754,1975,01,11,55.3
755,1975,01,12,55.5
756,1976,01,01,55.6
757,1976,01,02,55.8
758,1976,01,03,55.9
759,1976,01,04,56.1
760,1976,01,05,56.5
761,1976,01,06,56.8
762,1976,01,07,57.1
763,1976,01,08,57.4
764,1976,01,09,57.6
765,1976,01,10,57.9
766,1976,01,11,58.0
767,1976,01,12,58.2
768,1977,01,01,58.5
769,1977,01,02,59.1
770,1977,01,03,59.5
771,1977,01,04,60.0
772,1977,01,05,60.3
773,1977,01,06,60.7
774,1977,01,07,61.0
775,1977,01,08,61.2
776,1977,01,09,61.4
777,1977,01,10,61.6
778,1977,01,11,61.9
779,1977,01,12,62.1
780,1978,01,01,62.5
781,1978,01,02,62.9
782,1978,01,03,63.4
783,1978,01,04,63.9
784,1978,01,05,64.5
785,1978,01,06,65.2
786,1978,01,07,65.7
787,1978,01,08,66.0
788,1978,01,09,66.5
789,1978,01,10,67.1
790,1978,01,11,67.4
791,1978,01,12,67.7
792,1979,01,01,68.3
793,1979,01,02,69.1
794,1979,01,03,69.8
795,1979,01,04,70.6
796,1979,01,05,71.5
797,1979,01,06,72.3
798,1979,01,07,73.1
799,1979,01,08,73.8
800,1979,01,09,74.6
801,1979,01,10,75.2
802,1979,01,11,75.9
803,1979,01,12,76.7
804,1980,01,01,77.8
805,1980,01,02,78.9
806,1980,01,03,80.1
807,1980,01,04,81.0
808,1980,01,05,81.8
809,1980,01,06,82.7
810,1980,01,07,82.7
811,1980,01,08,83.3
812,1980,01,09,84.0
813,1980,01,10,84.8
814,1980,01,11,85.5
815,1980,01,12,86.3
816,1981,01,01,87.0
817,1981,01,02,87.9
818,1981,01,03,88.5
819,1981,01,04,89.1
820,1981,01,05,89.8
821,1981,01,06,90.6
822,1981,01,07,91.6
823,1981,01,08,92.3
824,1981,01,09,93.2
825,1981,01,10,93.4
826,1981,01,11,93.7
827,1981,01,12,94.0
828,1982,01,01,94.3
829,1982,01,02,94.6
830,1982,01,03,94.5
831,1982,01,04,94.9
832,1982,01,05,95.8
833,1982,01,06,97.0
834,1982,01,07,97.5
835,1982,01,08,97.7
836,1982,01,09,97.9
837,1982,01,10,98.2
838,1982,01,11,98.0
839,1982,01,12,97.6
840,1983,01,01,97.8
841,1983,01,02,97.9
842,1983,01,03,97.9
843,1983,01,04,98.6
844,1983,01,05,99.2
845,1983,01,06,99.5
846,1983,01,07,99.9
847,1983,01,08,100.2
848,1983,01,09,100.7
849,1983,01,10,101.0
850,1983,01,11,101.2
851,1983,01,12,101.3
852,1984,01,01,101.9
853,1984,01,02,102.4
854,1984,01,03,102.6
855,1984,01,04,103.1
856,1984,01,05,103.4
857,1984,01,06,103.7
858,1984,01,07,104.1
859,1984,01,08,104.5
860,1984,01,09,105.0
861,1984,01,10,105.3
862,1984,01,11,105.3
863,1984,01,12,105.3
864,1985,01,01,105.5
865,1985,01,02,106.0
866,1985,01,03,106.4
867,1985,01,04,106.9
868,1985,01,05,107.3
869,1985,01,06,107.6
870,1985,01,07,107.8
871,1985,01,08,108.0
872,1985,01,09,108.3
873,1985,01,10,108.7
874,1985,01,11,109.0
875,1985,01,12,109.3
876,1986,01,01,109.6
877,1986,01,02,109.3
878,1986,01,03,108.8
879,1986,01,04,108.6
880,1986,01,05,108.9
881,1986,01,06,109.5
882,1986,01,07,109.5
883,1986,01,08,109.7
884,1986,01,09,110.2
885,1986,01,10,110.3
886,1986,01,11,110.4
887,1986,01,12,110.5
888,1987,01,01,111.2
889,1987,01,02,111.6
890,1987,01,03,112.1
891,1987,01,04,112.7
892,1987,01,05,113.1
893,1987,01,06,113.5
894,1987,01,07,113.8
895,1987,01,08,114.4
896,1987,01,09,115.0
897,1987,01,10,115.3
898,1987,01,11,115.4
899,1987,01,12,115.4
900,1988,01,01,115.7
901,1988,01,02,116.0
902,1988,01,03,116.5
903,1988,01,04,117.1
904,1988,01,05,117.5
905,1988,01,06,118.0
906,1988,01,07,118.5
907,1988,01,08,119.0
908,1988,01,09,119.8
909,1988,01,10,120.2
910,1988,01,11,120.3
911,1988,01,12,120.5
912,1989,01,01,121.1
913,1989,01,02,121.6
914,1989,01,03,122.3
915,1989,01,04,123.1
916,1989,01,05,123.8
917,1989,01,06,124.1
918,1989,01,07,124.4
919,1989,01,08,124.6
920,1989,01,09,125.0
921,1989,01,10,125.6
922,1989,01,11,125.9
923,1989,01,12,126.1
924,1990,01,01,127.4
925,1990,01,02,128.0
926,1990,01,03,128.7
927,1990,01,04,128.9
928,1990,01,05,129.2
929,1990,01,06,129.9
930,1990,01,07,130.4
931,1990,01,08,131.6
932,1990,01,09,132.7
933,1990,01,10,133.5
934,1990,01,11,133.8
935,1990,01,12,133.8
936,1991,01,01,134.6
937,1991,01,02,134.8
938,1991,01,03,135.0
939,1991,01,04,135.2
940,1991,01,05,135.6
941,1991,01,06,136.0
942,1991,01,07,136.2
943,1991,01,08,136.6
944,1991,01,09,137.2
945,1991,01,10,137.4
946,1991,01,11,137.8
947,1991,01,12,137.9
948,1992,01,01,138.1
949,1992,01,02,138.6
950,1992,01,03,139.3
951,1992,01,04,139.5
952,1992,01,05,139.7
953,1992,01,06,140.2
954,1992,01,07,140.5
955,1992,01,08,140.9
956,1992,01,09,141.3
957,1992,01,10,141.8
958,1992,01,11,142.0
959,1992,01,12,141.9
960,1993,01,01,142.6
961,1993,01,02,143.1
962,1993,01,03,143.6
963,1993,01,04,144.0
964,1993,01,05,144.2
965,1993,01,06,144.4
966,1993,01,07,144.4
967,1993,01,08,144.8
968,1993,01,09,145.1
969,1993,01,10,145.7
970,1993,01,11,145.8
971,1993,01,12,145.8
972,1994,01,01,146.2
973,1994,01,02,146.7
974,1994,01,03,147.2
975,1994,01,04,147.4
976,1994,01,05,147.5
977,1994,01,06,148.0
978,1994,01,07,148.4
979,1994,01,08,149.0
980,1994,01,09,149.4
981,1994,01,10,149.5
982,1994,01,11,149.7
983,1994,01,12,149.7
984,1995,01,01,150.3
985,1995,01,02,150.9
986,1995,01,03,151.4
987,1995,01,04,151.9
988,1995,01,05,152.2
989,1995,01,06,152.5
990,1995,01,07,152.5
991,1995,01,08,152.9
992,1995,01,09,153.2
993,1995,01,10,153.7
994,1995,01,11,153.6
995,1995,01,12,153.5
996,1996,01,01,154.4
997,1996,01,02,154.9
998,1996,01,03,155.7
999,1996,01,04,156.3
1000,1996,01,05,156.6
1001,1996,01,06,156.7
1002,1996,01,07,157.0
1003,1996,01,08,157.3
1004,1996,01,09,157.8
1005,1996,01,10,158.3
1006,1996,01,11,158.6
1007,1996,01,12,158.6
1008,1997,01,01,159.1
1009,1997,01,02,159.6
1010,1997,01,03,160.0
1011,1997,01,04,160.2
1012,1997,01,05,160.1
1013,1997,01,06,160.3
1014,1997,01,07,160.5
1015,1997,01,08,160.8
1016,1997,01,09,161.2
1017,1997,01,10,161.6
1018,1997,01,11,161.5
1019,1997,01,12,161.3
1020,1998,01,01,161.6
1021,1998,01,02,161.9
1022,1998,01,03,162.2
1023,1998,01,04,162.5
1024,1998,01,05,162.8
1025,1998,01,06,163.0
1026,1998,01,07,163.2
1027,1998,01,08,163.4
1028,1998,01,09,163.6
1029,1998,01,10,164.0
1030,1998,01,11,164.0
1031,1998,01,12,163.9
1032,1999,01,01,164.3
1033,1999,01,02,164.5
1034,1999,01,03,165.0
1035,1999,01,04,166.2
1036,1999,01,05,166.2
1037,1999,01,06,166.2
1038,1999,01,07,166.7
1039,1999,01,08,167.1
1040,1999,01,09,167.9
1041,1999,01,10,168.2
1042,1999,01,11,168.3
1043,1999,01,12,168.3
1044,2000,01,01,168.8
1045,2000,01,02,169.8
1046,2000,01,03,171.2
1047,2000,01,04,171.3
1048,2000,01,05,171.5
1049,2000,01,06,172.4
1050,2000,01,07,172.8
1051,2000,01,08,172.8
1052,2000,01,09,173.7
1053,2000,01,10,174.0
1054,2000,01,11,174.1
1055,2000,01,12,174.0
1056,2001,01,01,175.1
1057,2001,01,02,175.8
1058,2001,01,03,176.2
1059,2001,01,04,176.9
1060,2001,01,05,177.7
1061,2001,01,06,178.0
1062,2001,01,07,177.5
1063,2001,01,08,177.5
1064,2001,01,09,178.3
1065,2001,01,10,177.7
1066,2001,01,11,177.4
1067,2001,01,12,176.7
1068,2002,01,01,177.1
1069,2002,01,02,177.8
1070,2002,01,03,178.8
1071,2002,01,04,179.8
1072,2002,01,05,179.8
1073,2002,01,06,179.9
1074,2002,01,07,180.1
1075,2002,01,08,180.7
1076,2002,01,09,181.0
1077,2002,01,10,181.3
1078,2002,01,11,181.3
1079,2002,01,12,180.9
1080,2003,01,01,181.7
1081,2003,01,02,183.1
1082,2003,01,03,184.2
1083,2003,01,04,183.8
1084,2003,01,05,183.5
1085,2003,01,06,183.7
1086,2003,01,07,183.9
1087,2003,01,08,184.6
1088,2003,01,09,185.2
1089,2003,01,10,185.0
1090,2003,01,11,184.5
1091,2003,01,12,184.3
1092,2004,01,01,185.2
1093,2004,01,02,186.2
1094,2004,01,03,187.4
1095,2004,01,04,188.0
1096,2004,01,05,189.1
1097,2004,01,06,189.7
1098,2004,01,07,189.4
1099,2004,01,08,189.5
1100,2004,01,09,189.9
1101,2004,01,10,190.9
1102,2004,01,11,191.0
1103,2004,01,12,190.3
1104,2005,01,01,190.7
1105,2005,01,02,191.8
1106,2005,01,03,193.3
1107,2005,01,04,194.6
1108,2005,01,05,194.4
1109,2005,01,06,194.5
1110,2005,01,07,195.4
1111,2005,01,08,196.4
1112,2005,01,09,198.8
1113,2005,01,10,199.2
1114,2005,01,11,197.6
1115,2005,01,12,196.8
1116,2006,01,01,198.3
1117,2006,01,02,198.7
1118,2006,01,03,199.8
1119,2006,01,04,201.5
1120,2006,01,05,202.5
1121,2006,01,06,202.9
1122,2006,01,07,203.5
1123,2006,01,08,203.9
1124,2006,01,09,202.9
1125,2006,01,10,201.8
1126,2006,01,11,201.5
1127,2006,01,12,201.8
1128,2007,01,01,202.416
1129,2007,01,02,203.499
1130,2007,01,03,205.352
1131,2007,01,04,206.686
1132,2007,01,05,207.949
1133,2007,01,06,208.352
1134,2007,01,07,208.299
1135,2007,01,08,207.917
1136,2007,01,09,208.49
1137,2007,01,10,208.936
1138,2007,01,11,210.177
1139,2007,01,12,210.036
1140,2008,01,01,211.08
1141,2008,01,02,211.693
1142,2008,01,03,213.528
1143,2008,01,04,214.823
1144,2008,01,05,216.632
1145,2008,01,06,218.815
1146,2008,01,07,219.964
1147,2008,01,08,219.086
1148,2008,01,09,218.783
1149,2008,01,10,216.573
1150,2008,01,11,212.425
1151,2008,01,12,210.228
1152,2009,01,01,211.143
1153,2009,01,02,212.193
1154,2009,01,03,212.709
1155,2009,01,04,213.24
1156,2009,01,05,213.856
1157,2009,01,06,215.693
1158,2009,01,07,215.351
1159,2009,01,08,215.834
1160,2009,01,09,215.969
1161,2009,01,10,216.177
1162,2009,01,11,216.33
1163,2009,01,12,215.949
1164,2010,01,01,216.687
1165,2010,01,02,216.741
1166,2010,01,03,217.631
1167,2010,01,04,218.009
1168,2010,01,05,218.178
1169,2010,01,06,217.965
1170,2010,01,07,218.011
1171,2010,01,08,218.312
1172,2010,01,09,218.439
1173,2010,01,10,218.711
1174,2010,01,11,218.803
1175,2010,01,12,219.179
1176,2011,01,01,220.223
1177,2011,01,02,221.309
1178,2011,01,03,223.467
1179,2011,01,04,224.906
1180,2011,01,05,225.964
1181,2011,01,06,225.722
1182,2011,01,07,225.922
1183,2011,01,08,226.545
1184,2011,01,09,226.889
1185,2011,01,10,226.421
1186,2011,01,11,226.23
1187,2011,01,12,225.672
1188,2012,01,01,226.665
1189,2012,01,02,227.663
1190,2012,01,03,229.392
1191,2012,01,04,230.085
1192,2012,01,05,229.815
1193,2012,01,06,229.478
1194,2012,01,07,229.104
1195,2012,01,08,230.379
1196,2012,01,09,231.407
1197,2012,01,10,231.317
1198,2012,01,11,230.221
1199,2012,01,12,229.601
1200,2013,01,01,230.28
1201,2013,01,02,232.166
1202,2013,01,03,232.773
1203,2013,01,04,232.531
1204,2013,01,05,232.945
1205,2013,01,06,233.504
1206,2013,01,07,233.596
1207,2013,01,08,233.877
1208,2013,01,09,234.149
1209,2013,01,10,233.546
1210,2013,01,11,233.069
1211,2013,01,12,233.049
1212,2014,01,01,233.916
1213,2014,01,02,234.781
1214,2014,01,03,236.293
1215,2014,01,04,237.072
1216,2014,01,05,237.9
1217,2014,01,06,238.343
1218,2014,01,07,238.25
1219,2014,01,08,237.852
1220,2014,01,09,238.031
1221,2014,01,10,237.433
1222,2014,01,11,236.151
1223,2014,01,12,234.812
1224,2015,01,01,233.707
1225,2015,01,02,234.722
1226,2015,01,03,236.119
1227,2015,01,04,236.599
1228,2015,01,05,237.805
1229,2015,01,06,238.638
1230,2015,01,07,238.654
1231,2015,01,08,238.316
1232,2015,01,09,237.945
1233,2015,01,10,237.838
1234,2015,01,11,237.336
1235,2015,01,12,236.525
1236,2016,01,01,236.916
1237,2016,01,02,237.111
1238,2016,01,03,238.132
1239,2016,01,04,239.261
1240,2016,01,05,240.229
1241,2016,01,06,241.018
1242,2016,01,07,240.628
1243,2016,01,08,240.849
1244,2016,01,09,241.428
1245,2016,01,10,241.729
1246,2016,01,11,241.353
1247,2016,01,12,241.432
1248,2017,01,01,242.839
1249,2017,01,02,243.603
1250,2017,01,03,243.801
1251,2017,01,04,244.524
1252,2017,01,05,244.733
1253,2017,01,06,244.955
1254,2017,01,07,244.786
1255,2017,01,08,245.519
1256,2017,01,09,246.819
1257,2017,01,10,246.663
1258,2017,01,11,246.669
1259,2017,01,12,246.524
1260,2018,01,01,247.867
1261,2018,01,02,248.991
1262,2018,01,03,249.554
1263,2018,01,04,250.546
1264,2018,01,05,251.588
1265,2018,01,06,251.989
1266,2018,01,07,252.006
1267,2018,01,08,252.146
1268,2018,01,09,252.439
1269,2018,01,10,252.885
1270,2018,01,11,252.038
1271,2018,01,12,251.233
1272,2019,01,01,251.712
1273,2019,01,02,252.776
1274,2019,01,03,254.202
1275,2019,01,04,255.548
1276,2019,01,05,256.092
1277,2019,01,06,256.143
1278,2019,01,07,256.571
1279,2019,01,08,256.558
1280,2019,01,09,256.759
1281,2019,01,10,257.346
1282,2019,01,11,257.208
1283,2019,01,12,256.974
1284,2020,01,01,257.971
1285,2020,01,02,258.678
1286,2020,01,03,258.115
1287,2020,01,04,256.389
1288,2020,01,05,256.394
1289,2020,01,06,257.797
1290,2020,01,07,259.101
1291,2020,01,08,259.918
1292,2020,01,09,260.28
1293,2020,01,10,260.388
1294,2020,01,11,260.229
1295,2020,01,12,260.474
1296,2021,01,01,261.582
1297,2021,01,02,263.014
1298,2021,01,03,264.877
1299,2021,01,04,267.054
1300,2021,01,05,269.195
1301,2021,01,06,271.696
1302,2021,01,07,273.003
